Fecha,Semestre,Rival,Goles Newells,Goles rival,Resultado,Condición,Resultado num,Entrenador,Idolatría,Técnico interino?,Presidente
2012-02-11,1° 2012,Estudiantes LP,1,1,Empate,Local,1,"Gerardo ""Tata"" Martino",Ídolo,Efectivo,Guillermo Lorente
2012-02-19,1° 2012,Argentinos Jrs,0,1,Victoria,Visitante,3,"Gerardo ""Tata"" Martino",Ídolo,Efectivo,Guillermo Lorente
2012-02-26,1° 2012,Belgrano,0,2,Derrota,Local,0,"Gerardo ""Tata"" Martino",Ídolo,Efectivo,Guillermo Lorente
2012-03-04,1° 2012,Colón,0,3,Victoria,Visitante,3,"Gerardo ""Tata"" Martino",Ídolo,Efectivo,Guillermo Lorente
2012-03-11,1° 2012,Atlético Rafaela,1,0,Victoria,Local,3,"Gerardo ""Tata"" Martino",Ídolo,Efectivo,Guillermo Lorente
2012-03-17,1° 2012,Vélez Sarsfield,1,1,Empate,Visitante,1,"Gerardo ""Tata"" Martino",Ídolo,Efectivo,Guillermo Lorente
2012-03-25,1° 2012,Racing Club,2,0,Victoria,Local,3,"Gerardo ""Tata"" Martino",Ídolo,Efectivo,Guillermo Lorente
2012-04-01,1° 2012,Godoy Cruz,1,1,Empate,Visitante,1,"Gerardo ""Tata"" Martino",Ídolo,Efectivo,Guillermo Lorente
2012-04-08,1° 2012,Banfield,3,0,Victoria,Local,3,"Gerardo ""Tata"" Martino",Ídolo,Efectivo,Guillermo Lorente
2012-04-15,1° 2012,Arsenal,1,1,Empate,Visitante,1,"Gerardo ""Tata"" Martino",Ídolo,Efectivo,Guillermo Lorente
2012-04-22,1° 2012,All Boys,1,1,Empate,Local,1,"Gerardo ""Tata"" Martino",Ídolo,Efectivo,Guillermo Lorente
2012-04-29,1° 2012,Olimpo,1,2,Victoria,Visitante,3,"Gerardo ""Tata"" Martino",Ídolo,Efectivo,Guillermo Lorente
2012-05-06,1° 2012,Unión,3,1,Victoria,Local,3,"Gerardo ""Tata"" Martino",Ídolo,Efectivo,Guillermo Lorente
2012-05-12,1° 2012,Tigre,3,1,Derrota,Visitante,0,"Gerardo ""Tata"" Martino",Ídolo,Efectivo,Guillermo Lorente
2012-05-20,1° 2012,San Lorenzo,2,3,Derrota,Local,0,"Gerardo ""Tata"" Martino",Ídolo,Efectivo,Guillermo Lorente
2012-05-27,1° 2012,Independiente,2,0,Derrota,Visitante,0,"Gerardo ""Tata"" Martino",Ídolo,Efectivo,Guillermo Lorente
2012-06-10,1° 2012,San Martín (SJ),0,0,Empate,Local,1,"Gerardo ""Tata"" Martino",Ídolo,Efectivo,Guillermo Lorente
2012-06-16,1° 2012,Lanús,0,1,Victoria,Visitante,3,"Gerardo ""Tata"" Martino",Ídolo,Efectivo,Guillermo Lorente
2012-06-24,1° 2012,Lanús,0,0,Empate,Local,1,"Gerardo ""Tata"" Martino",Ídolo,Efectivo,Guillermo Lorente
2012-08-04,2° 2012,Independiente,0,0,Empate,Local,1,"Gerardo ""Tata"" Martino",Ídolo,Efectivo,Guillermo Lorente
2012-08-13,2° 2012,Lanús,0,1,Victoria,Visitante,3,"Gerardo ""Tata"" Martino",Ídolo,Efectivo,Guillermo Lorente
2012-08-20,2° 2012,San Martín (SJ),2,0,Victoria,Local,3,"Gerardo ""Tata"" Martino",Ídolo,Efectivo,Guillermo Lorente
2012-08-26,2° 2012,Belgrano,0,0,Empate,Visitante,1,"Gerardo ""Tata"" Martino",Ídolo,Efectivo,Guillermo Lorente
2012-09-02,2° 2012,Estudiantes LP,1,0,Victoria,Local,3,"Gerardo ""Tata"" Martino",Ídolo,Efectivo,Guillermo Lorente
2012-09-09,2° 2012,River Plate,3,3,Empate,Visitante,1,"Gerardo ""Tata"" Martino",Ídolo,Efectivo,Guillermo Lorente
2012-09-16,2° 2012,San Lorenzo,1,0,Victoria,Local,3,"Gerardo ""Tata"" Martino",Ídolo,Efectivo,Guillermo Lorente
2012-09-22,2° 2012,Colón,1,2,Victoria,Visitante,3,"Gerardo ""Tata"" Martino",Ídolo,Efectivo,Guillermo Lorente
2012-09-30,2° 2012,Tigre,2,0,Victoria,Local,3,"Gerardo ""Tata"" Martino",Ídolo,Efectivo,Guillermo Lorente
2012-10-15,2° 2012,Vélez Sarsfield,0,1,Victoria,Visitante,3,"Gerardo ""Tata"" Martino",Ídolo,Efectivo,Guillermo Lorente
2012-10-21,2° 2012,Racing Club,0,0,Empate,Local,1,"Gerardo ""Tata"" Martino",Ídolo,Efectivo,Guillermo Lorente
2012-10-28,2° 2012,Arsenal,2,0,Derrota,Visitante,0,"Gerardo ""Tata"" Martino",Ídolo,Efectivo,Guillermo Lorente
2012-11-04,2° 2012,Godoy Cruz,1,1,Empate,Local,1,"Gerardo ""Tata"" Martino",Ídolo,Efectivo,Guillermo Lorente
2012-11-11,2° 2012,Quilmes,0,0,Empate,Visitante,1,"Gerardo ""Tata"" Martino",Ídolo,Efectivo,Guillermo Lorente
2012-11-18,2° 2012,Boca Juniors,0,0,Empate,Local,1,"Gerardo ""Tata"" Martino",Ídolo,Efectivo,Guillermo Lorente
2012-11-25,2° 2012,All Boys,1,2,Victoria,Visitante,3,"Gerardo ""Tata"" Martino",Ídolo,Efectivo,Guillermo Lorente
2012-12-02,2° 2012,Unión,1,2,Derrota,Local,0,"Gerardo ""Tata"" Martino",Ídolo,Efectivo,Guillermo Lorente
2012-12-05,2° 2012,Atlético Rafaela,0,3,Victoria,Visitante,3,"Gerardo ""Tata"" Martino",Ídolo,Efectivo,Guillermo Lorente
2012-12-09,2° 2012,Argentinos Jrs,0,1,Derrota,Local,0,"Gerardo ""Tata"" Martino",Ídolo,Efectivo,Guillermo Lorente
2013-02-10,1° 2013,Independiente,1,3,Victoria,Visitante,3,"Gerardo ""Tata"" Martino",Ídolo,Efectivo,Guillermo Lorente
2013-02-14,1° 2013,Olimpia (PAR),3,1,Victoria,Local,3,"Gerardo ""Tata"" Martino",Ídolo,Efectivo,Guillermo Lorente
2013-02-16,1° 2013,Lanús,0,3,Derrota,Local,0,"Gerardo ""Tata"" Martino",Ídolo,Efectivo,Guillermo Lorente
2013-02-21,1° 2013,Dep. Lara (VEN),2,1,Derrota,Visitante,0,"Gerardo ""Tata"" Martino",Ídolo,Efectivo,Guillermo Lorente
2013-02-24,1° 2013,San Martín (SJ),0,2,Victoria,Visitante,3,"Gerardo ""Tata"" Martino",Ídolo,Efectivo,Guillermo Lorente
2013-03-03,1° 2013,Belgrano,2,0,Victoria,Local,3,"Gerardo ""Tata"" Martino",Ídolo,Efectivo,Guillermo Lorente
2013-03-05,1° 2013,Univ. de Chile,1,2,Derrota,Local,0,"Gerardo ""Tata"" Martino",Ídolo,Efectivo,Guillermo Lorente
2013-03-10,1° 2013,Estudiantes LP,2,4,Victoria,Visitante,3,"Gerardo ""Tata"" Martino",Ídolo,Efectivo,Guillermo Lorente
2013-03-12,1° 2013,Univ. de Chile,0,2,Victoria,Visitante,3,"Gerardo ""Tata"" Martino",Ídolo,Efectivo,Guillermo Lorente
2013-03-17,1° 2013,River Plate,1,0,Victoria,Local,3,"Gerardo ""Tata"" Martino",Ídolo,Efectivo,Guillermo Lorente
2013-03-31,1° 2013,San Lorenzo,0,1,Victoria,Visitante,3,"Gerardo ""Tata"" Martino",Ídolo,Efectivo,Guillermo Lorente
2013-04-04,1° 2013,Dep. Lara (VEN),3,1,Victoria,Local,3,"Gerardo ""Tata"" Martino",Ídolo,Efectivo,Guillermo Lorente
2013-04-07,1° 2013,Colón,1,2,Derrota,Local,0,"Gerardo ""Tata"" Martino",Ídolo,Efectivo,Guillermo Lorente
2013-04-11,1° 2013,Olimpia (PAR),4,1,Derrota,Visitante,0,"Gerardo ""Tata"" Martino",Ídolo,Efectivo,Guillermo Lorente
2013-04-14,1° 2013,Tigre,1,3,Victoria,Visitante,3,"Gerardo ""Tata"" Martino",Ídolo,Efectivo,Guillermo Lorente
2013-04-20,1° 2013,Vélez Sarsfield,3,1,Victoria,Local,3,"Gerardo ""Tata"" Martino",Ídolo,Efectivo,Guillermo Lorente
2013-04-24,1° 2013,Vélez Sarsfield (Libert),0,1,Derrota,Local,0,"Gerardo ""Tata"" Martino",Ídolo,Efectivo,Guillermo Lorente
2013-04-28,1° 2013,Racing Club,3,4,Victoria,Visitante,3,"Gerardo ""Tata"" Martino",Ídolo,Efectivo,Guillermo Lorente
2013-05-05,1° 2013,Arsenal,1,1,Empate,Local,1,"Gerardo ""Tata"" Martino",Ídolo,Efectivo,Guillermo Lorente
2013-05-11,1° 2013,Godoy Cruz,1,3,Victoria,Visitante,3,"Gerardo ""Tata"" Martino",Ídolo,Efectivo,Guillermo Lorente
2013-05-15,1° 2013,Vélez Sarsfield (Libert),1,2,Victoria,Visitante,3,"Gerardo ""Tata"" Martino",Ídolo,Efectivo,Guillermo Lorente
2013-05-19,1° 2013,Quilmes,1,1,Empate,Local,1,"Gerardo ""Tata"" Martino",Ídolo,Efectivo,Guillermo Lorente
2013-05-23,1° 2013,Boca Juniors (Libert),0,0,Empate,Visitante,1,"Gerardo ""Tata"" Martino",Ídolo,Efectivo,Guillermo Lorente
2013-05-26,1° 2013,Boca Juniors,4,0,Victoria,Local,3,"Gerardo ""Tata"" Martino",Ídolo,Efectivo,Guillermo Lorente
2013-05-30,1° 2013,Boca Juniors (Libert),0,0,Empate,Local,1,"Gerardo ""Tata"" Martino",Ídolo,Efectivo,Guillermo Lorente
2013-06-02,1° 2013,All Boys,2,1,Derrota,Visitante,0,"Gerardo ""Tata"" Martino",Ídolo,Efectivo,Guillermo Lorente
2013-06-10,1° 2013,Unión,5,0,Victoria,Local,3,"Gerardo ""Tata"" Martino",Ídolo,Efectivo,Guillermo Lorente
2013-06-16,1° 2013,Atlético Rafaela,0,3,Victoria,Visitante,3,"Gerardo ""Tata"" Martino",Ídolo,Efectivo,Guillermo Lorente
2013-06-19,1° 2013,Argentinos Jrs,0,1,Derrota,Local,0,"Gerardo ""Tata"" Martino",Ídolo,Efectivo,Guillermo Lorente
2013-06-23,1° 2013,Lanús,1,0,Derrota,Visitante,0,"Gerardo ""Tata"" Martino",Ídolo,Efectivo,Guillermo Lorente
2013-07-03,2° 2013,Atlético Mineiro,2,0,Victoria,Local,3,"Gerardo ""Tata"" Martino",Ídolo,Efectivo,Guillermo Lorente
2013-07-10,2° 2013,Atlético Mineiro,2,0,Derrota,Visitante,0,"Gerardo ""Tata"" Martino",Ídolo,Efectivo,Guillermo Lorente
2013-08-04,2° 2013,Boca Juniors,2,3,Victoria,Visitante,3,Alfredo Berti,Ídolo,Efectivo,Guillermo Lorente
2013-08-11,2° 2013,Gimnasia LP,3,0,Victoria,Local,3,Alfredo Berti,Ídolo,Efectivo,Guillermo Lorente
2013-08-17,2° 2013,Belgrano,0,0,Empate,Visitante,1,Alfredo Berti,Ídolo,Efectivo,Guillermo Lorente
2013-08-24,2° 2013,Rafaela,0,2,Derrota,Local,0,Alfredo Berti,Ídolo,Efectivo,Guillermo Lorente
2013-09-01,2° 2013,Estudiantes LP,1,1,Empate,Local,1,Alfredo Berti,Ídolo,Efectivo,Guillermo Lorente
2013-09-08,2° 2013,Vélez Sarsfield,0,3,Derrota,Local,0,Alfredo Berti,Ídolo,Efectivo,Guillermo Lorente
2013-09-15,2° 2013,Olimpo,1,2,Victoria,Visitante,3,Alfredo Berti,Ídolo,Efectivo,Guillermo Lorente
2013-09-22,2° 2013,Racing Club,1,0,Victoria,Local,3,Alfredo Berti,Ídolo,Efectivo,Guillermo Lorente
2013-09-29,2° 2013,Argentinos Jrs,0,0,Empate,Visitante,1,Alfredo Berti,Ídolo,Efectivo,Guillermo Lorente
2013-10-06,2° 2013,Quilmes,2,0,Victoria,Local,3,Alfredo Berti,Ídolo,Efectivo,Guillermo Lorente
2013-10-13,2° 2013,River Plate,0,1,Victoria,Visitante,3,Alfredo Berti,Ídolo,Efectivo,Guillermo Lorente
2013-10-20,2° 2013,Rosario Central,2,1,Derrota,Visitante,0,Alfredo Berti,Ídolo,Efectivo,Guillermo Lorente
2013-10-25,2° 2013,Godoy Cruz,1,1,Empate,Local,1,Alfredo Berti,Ídolo,Efectivo,Guillermo Lorente
2013-11-03,2° 2013,Colón,2,2,Empate,Visitante,1,Alfredo Berti,Ídolo,Efectivo,Guillermo Lorente
2013-11-10,2° 2013,San Lorenzo,1,1,Empate,Local,1,Alfredo Berti,Ídolo,Efectivo,Guillermo Lorente
2013-11-16,2° 2013,Tigre,2,1,Derrota,Visitante,0,Alfredo Berti,Ídolo,Efectivo,Guillermo Lorente
2013-11-23,2° 2013,Arsenal,1,1,Empate,Local,1,Alfredo Berti,Ídolo,Efectivo,Guillermo Lorente
2013-11-30,2° 2013,All Boys,3,1,Derrota,Visitante,0,Alfredo Berti,Ídolo,Efectivo,Guillermo Lorente
2013-12-07,2° 2013,Lanús,2,2,Empate,Local,1,Alfredo Berti,Ídolo,Efectivo,Guillermo Lorente
2014-02-09,1° 2014,Boca Juniors,0,0,Empate,Local,1,Alfredo Berti,Ídolo,Efectivo,Guillermo Lorente
2014-02-13,1° 2014,Gimnasia LP,3,0,Derrota,Visitante,0,Alfredo Berti,Ídolo,Efectivo,Guillermo Lorente
2014-02-13,1° 2014,Atlético Nacional (Libert),1,0,Derrota,Visitante,0,Alfredo Berti,Ídolo,Efectivo,Guillermo Lorente
2014-02-16,1° 2014,Belgrano,1,1,Empate,Local,1,Alfredo Berti,Ídolo,Efectivo,Guillermo Lorente
2014-02-23,1° 2014,Atlético Rafaela,1,4,Victoria,Visitante,3,Alfredo Berti,Ídolo,Efectivo,Guillermo Lorente
2014-02-27,1° 2014,Nacional (URU) (Libert),4,0,Victoria,Local,3,Alfredo Berti,Ídolo,Efectivo,Guillermo Lorente
2014-03-02,1° 2014,Estudiantes LP,1,1,Empate,Local,1,Alfredo Berti,Ídolo,Efectivo,Guillermo Lorente
2014-03-05,1° 2014,Vélez Sarsfield,1,0,Derrota,Visitante,0,Alfredo Berti,Ídolo,Efectivo,Guillermo Lorente
2014-03-09,1° 2014,Olimpo,0,1,Derrota,Local,0,Alfredo Berti,Ídolo,Efectivo,Guillermo Lorente
2014-03-13,1° 2014,Gremio (Libert),0,0,Empate,Visitante,1,Alfredo Berti,Ídolo,Efectivo,Guillermo Lorente
2014-03-16,1° 2014,Racing Club,0,2,Victoria,Visitante,3,Alfredo Berti,Ídolo,Efectivo,Guillermo Lorente
2014-03-19,1° 2014,Gremio (Libert),1,1,Empate,Local,1,Alfredo Berti,Ídolo,Efectivo,Guillermo Lorente
2014-03-23,1° 2014,Argentinos Jrs,0,0,Empate,Local,1,Alfredo Berti,Ídolo,Efectivo,Guillermo Lorente
2014-03-26,1° 2014,Nacional (URU) (Libert),2,4,Victoria,Visitante,3,Alfredo Berti,Ídolo,Efectivo,Guillermo Lorente
2014-03-30,1° 2014,Quilmes,1,1,Empate,Visitante,1,Alfredo Berti,Ídolo,Efectivo,Guillermo Lorente
2014-04-02,1° 2014,River Plate,0,1,Derrota,Local,0,Alfredo Berti,Ídolo,Efectivo,Guillermo Lorente
2014-04-06,1° 2014,Rosario Central,1,0,Derrota,Visitante,0,Alfredo Berti,Ídolo,Efectivo,Guillermo Lorente
2014-04-10,1° 2014,Atlético Nacional (Libert),1,3,Derrota,Local,0,Alfredo Berti,Ídolo,Efectivo,Guillermo Lorente
2014-04-13,1° 2014,Godoy Cruz,1,0,Derrota,Visitante,0,Ricardo Lunari,Ídolo,Interino,Guillermo Lorente
2014-04-16,1° 2014,Colón,0,1,Derrota,Local,0,Ricardo Lunari,Ídolo,Interino,Guillermo Lorente
2014-04-20,1° 2014,San Lorenzo,0,0,Empate,Visitante,1,Ricardo Lunari,Ídolo,Interino,Guillermo Lorente
2014-04-26,1° 2014,Tigre,2,1,Victoria,Local,3,Ricardo Lunari,Ídolo,Interino,Guillermo Lorente
2014-05-04,1° 2014,Arsenal,3,2,Derrota,Visitante,0,Ricardo Lunari,Ídolo,Interino,Guillermo Lorente
2014-05-10,1° 2014,All Boys,4,2,Victoria,Local,3,Ricardo Lunari,Ídolo,Interino,Guillermo Lorente
2014-05-18,1° 2014,Lanús,1,1,Empate,Visitante,1,Ricardo Lunari,Ídolo,Interino,Guillermo Lorente
2014-08-10,2° 2014,Boca Juniors,0,1,Victoria,Visitante,3,Gustavo Ragio,Ídolo,Efectivo,Guillermo Lorente
2014-08-16,2° 2014,Gimnasia LP,1,1,Empate,Local,1,Gustavo Ragio,Ídolo,Efectivo,Guillermo Lorente
2014-08-24,2° 2014,Belgrano,3,3,Empate,Visitante,1,Gustavo Ragio,Ídolo,Efectivo,Guillermo Lorente
2014-08-27,2° 2014,Atlético Rafaela,2,3,Derrota,Local,0,Gustavo Ragio,Ídolo,Efectivo,Guillermo Lorente
2014-08-30,2° 2014,Estudiantes LP,0,1,Victoria,Visitante,3,Gustavo Ragio,Ídolo,Efectivo,Guillermo Lorente
2014-09-07,2° 2014,Vélez Sarsfield,0,0,Empate,Local,1,Gustavo Ragio,Ídolo,Efectivo,Guillermo Lorente
2014-09-13,2° 2014,Olimpo,1,0,Derrota,Visitante,0,Gustavo Ragio,Ídolo,Efectivo,Guillermo Lorente
2014-09-22,2° 2014,Racing Club,1,1,Empate,Local,1,Gustavo Ragio,Ídolo,Efectivo,Guillermo Lorente
2014-09-27,2° 2014,Banfield,2,0,Derrota,Visitante,0,Gustavo Ragio,Ídolo,Efectivo,Guillermo Lorente
2014-10-05,2° 2014,Quilmes,1,1,Empate,Local,1,Gustavo Ragio,Ídolo,Efectivo,Guillermo Lorente
2014-10-12,2° 2014,River Plate,1,0,Derrota,Visitante,0,Gustavo Ragio,Ídolo,Efectivo,Guillermo Lorente
2014-10-19,2° 2014,Rosario Central,0,2,Derrota,Local,0,Gustavo Ragio,Ídolo,Efectivo,Guillermo Lorente
2014-10-25,2° 2014,Godoy Cruz,2,2,Empate,Local,1,Gustavo Ragio,Ídolo,Efectivo,Guillermo Lorente
2014-11-01,2° 2014,Defensa y Justicia,1,0,Derrota,Visitante,0,Gustavo Ragio,Ídolo,Efectivo,Guillermo Lorente
2014-11-10,2° 2014,San Lorenzo,2,1,Victoria,Local,3,Gustavo Ragio,Ídolo,Efectivo,Guillermo Lorente
2014-11-17,2° 2014,Tigre,1,2,Victoria,Visitante,3,Gustavo Ragio,Ídolo,Efectivo,Guillermo Lorente
2014-11-22,2° 2014,Arsenal,1,1,Empate,Local,1,Gustavo Ragio,Ídolo,Efectivo,Guillermo Lorente
2014-11-30,2° 2014,Independiente,1,0,Derrota,Visitante,0,Gustavo Ragio,Ídolo,Efectivo,Guillermo Lorente
2014-12-06,2° 2014,Lanús,0,0,Empate,Local,1,Gustavo Ragio,Ídolo,Efectivo,Guillermo Lorente
2015-02-14,1° 2015,Independiente,2,3,Derrota,Local,0,"Armérico ""Tolo"" Gallego",Ídolo,Efectivo,Guillermo Lorente
2015-02-21,1° 2015,Aldosivi,0,1,Victoria,Visitante,3,"Armérico ""Tolo"" Gallego",Ídolo,Efectivo,Guillermo Lorente
2015-03-02,1° 2015,Vélez Sarsfield,0,0,Empate,Local,1,"Armérico ""Tolo"" Gallego",Ídolo,Efectivo,Guillermo Lorente
2015-03-08,1° 2015,Sarmiento (Junín),1,2,Victoria,Visitante,3,"Armérico ""Tolo"" Gallego",Ídolo,Efectivo,Guillermo Lorente
2015-03-15,1° 2015,Quilmes,1,1,Empate,Local,1,"Armérico ""Tolo"" Gallego",Ídolo,Efectivo,Guillermo Lorente
2015-03-21,1° 2015,Belgrano,2,0,Derrota,Visitante,0,"Armérico ""Tolo"" Gallego",Ídolo,Efectivo,Guillermo Lorente
2015-03-29,1° 2015,Unión,2,0,Victoria,Local,3,"Armérico ""Tolo"" Gallego",Ídolo,Efectivo,Guillermo Lorente
2015-04-04,1° 2015,Arsenal,0,3,Victoria,Visitante,3,"Armérico ""Tolo"" Gallego",Ídolo,Efectivo,Guillermo Lorente
2015-04-13,1° 2015,Godoy Cruz,2,0,Victoria,Local,3,"Armérico ""Tolo"" Gallego",Ídolo,Efectivo,Guillermo Lorente
2015-04-18,1° 2015,Gimnasia LP,0,0,Empate,Visitante,1,"Armérico ""Tolo"" Gallego",Ídolo,Efectivo,Guillermo Lorente
2015-04-26,1° 2015,San Lorenzo,0,1,Derrota,Local,0,"Armérico ""Tolo"" Gallego",Ídolo,Efectivo,Jorge Riccobelli
2015-05-03,1° 2015,Argentinos Jrs,2,1,Derrota,Visitante,0,"Armérico ""Tolo"" Gallego",Ídolo,Efectivo,Jorge Riccobelli
2015-05-11,1° 2015,Banfield,1,1,Empate,Local,1,"Armérico ""Tolo"" Gallego",Ídolo,Efectivo,Jorge Riccobelli
2015-05-23,1° 2015,Boca Juniors,4,0,Derrota,Visitante,0,"Armérico ""Tolo"" Gallego",Ídolo,Efectivo,Jorge Riccobelli
2015-06-01,1° 2015,Racing Club,1,1,Empate,Local,1,"Armérico ""Tolo"" Gallego",Ídolo,Efectivo,Jorge Riccobelli
2015-06-07,1° 2015,Tigre,0,0,Empate,Visitante,1,Carlos Picerni,Ídolo,Interino,Jorge Riccobelli
2015-07-12,2° 2015,Tigre,0,0,Empate,Local,1,Lucas Bernardi,Ídolo,Efectivo,Jorge Riccobelli
2015-07-19,2° 2015,Rosario Central,0,0,Empate,Visitante,1,Lucas Bernardi,Ídolo,Efectivo,Jorge Riccobelli
2015-07-26,2° 2015,Olimpo,0,0,Empate,Local,1,Lucas Bernardi,Ídolo,Efectivo,Jorge Riccobelli
2015-08-01,2° 2015,Temperley,0,0,Empate,Visitante,1,Lucas Bernardi,Ídolo,Efectivo,Jorge Riccobelli
2015-08-10,2° 2015,Atl. Rafaela,1,1,Empate,Local,1,Lucas Bernardi,Ídolo,Efectivo,Jorge Riccobelli
2015-08-16,2° 2015,Colón,0,1,Victoria,Visitante,3,Lucas Bernardi,Ídolo,Efectivo,Jorge Riccobelli
2015-08-24,2° 2015,Def. y Justicia,0,1,Derrota,Local,0,Lucas Bernardi,Ídolo,Efectivo,Jorge Riccobelli
2015-08-31,2° 2015,San Martín (SJ),1,1,Empate,Visitante,1,Lucas Bernardi,Ídolo,Efectivo,Jorge Riccobelli
2015-09-05,2° 2015,Estudiantes LP,0,1,Derrota,Local,0,Lucas Bernardi,Ídolo,Efectivo,Jorge Riccobelli
2015-09-13,2° 2015,Rosario Central,1,0,Derrota,Visitante,0,Lucas Bernardi,Ídolo,Efectivo,Jorge Riccobelli
2015-09-21,2° 2015,Huracán,0,0,Empate,Visitante,1,Lucas Bernardi,Ídolo,Efectivo,Jorge Riccobelli
2015-09-28,2° 2015,Nueva Chicago,5,1,Derrota,Visitante,0,Lucas Bernardi,Ídolo,Efectivo,Jorge Riccobelli
2015-10-04,2° 2015,Lanús,1,1,Empate,Local,1,Lucas Bernardi,Ídolo,Efectivo,Jorge Riccobelli
2015-10-16,2° 2015,Crucero del Norte,0,2,Victoria,Visitante,3,Lucas Bernardi,Ídolo,Efectivo,Jorge Riccobelli
2016-02-06,1° 2016,San Martín (SJ),2,1,Derrota,Visitante,0,Lucas Bernardi,Ídolo,Efectivo,Jorge Riccobelli
2016-02-14,1° 2016,Rosario Central,2,0,Derrota,Visitante,0,Lucas Bernardi,Ídolo,Efectivo,Jorge Riccobelli
2016-02-17,1° 2016,Racing Club,5,0,Victoria,Local,3,Juan Pablo Vojboda,Externo,Interino,Jorge Riccobelli
2016-02-20,1° 2016,Boca Juniors,4,1,Derrota,Visitante,0,Juan Pablo Vojboda,Externo,Interino,Jorge Riccobelli
2016-02-26,1° 2016,Unión,1,1,Empate,Local,1,Diego Osella,Externo,Efectivo,Jorge Riccobelli
2016-03-03,1° 2016,Lanús,3,0,Derrota,Visitante,0,Diego Osella,Externo,Efectivo,Jorge Riccobelli
2016-03-06,1° 2016,Atl. Rafaela,1,1,Empate,Local,1,Diego Osella,Externo,Efectivo,Jorge Riccobelli
2016-03-12,1° 2016,Tigre,3,3,Empate,Visitante,1,Diego Osella,Externo,Efectivo,Jorge Riccobelli
2016-03-21,1° 2016,Aldosivi,1,1,Empate,Local,1,Diego Osella,Externo,Efectivo,Jorge Riccobelli
2016-04-03,1° 2016,Argentinos Jrs,0,0,Empate,Visitante,1,Diego Osella,Externo,Efectivo,Jorge Riccobelli
2016-04-10,1° 2016,Huracán,1,0,Victoria,Local,3,Diego Osella,Externo,Efectivo,Jorge Riccobelli
2016-04-16,1° 2016,Estudiantes LP,0,0,Empate,Visitante,1,Diego Osella,Externo,Efectivo,Jorge Riccobelli
2016-04-24,1° 2016,Rosario Central,0,0,Empate,Local,1,Diego Osella,Externo,Efectivo,Jorge Riccobelli
2016-04-29,1° 2016,Def. y Justicia,1,0,Derrota,Visitante,0,Diego Osella,Externo,Efectivo,Jorge Riccobelli
2016-05-07,1° 2016,Temperley,0,2,Derrota,Local,0,Diego Osella,Externo,Efectivo,Jorge Riccobelli
2016-05-14,1° 2016,Atlético Tucumán,1,2,Victoria,Visitante,3,Diego Osella,Externo,Efectivo,Jorge Riccobelli
2016-05-22,1° 2016,Atlético Tucumán,1,1,Empate,Local,1,Diego Osella,Externo,Efectivo,Jorge Riccobelli
2016-08-28,2° 2016,Quilmes,0,1,Victoria,Visitante,3,Diego Osella,Externo,Efectivo,Eduardo Bermúdez
2016-09-11,2° 2016,Tigre,1,1,Empate,Local,1,Diego Osella,Externo,Efectivo,Eduardo Bermúdez
2016-09-17,2° 2016,Sarmiento (Junín),1,1,Empate,Visitante,1,Diego Osella,Externo,Efectivo,Eduardo Bermúdez
2016-09-25,2° 2016,Atlético Tucumán,3,1,Victoria,Local,3,Diego Osella,Externo,Efectivo,Eduardo Bermúdez
2016-10-01,2° 2016,Temperley,0,0,Empate,Visitante,1,Diego Osella,Externo,Efectivo,Eduardo Bermúdez
2016-10-16,2° 2016,Gimnasia LP,1,0,Victoria,Local,3,Diego Osella,Externo,Efectivo,Eduardo Bermúdez
2016-10-23,2° 2016,Rosario Central,0,1,Victoria,Visitante,3,Diego Osella,Externo,Efectivo,Eduardo Bermúdez
2016-10-29,2° 2016,San Lorenzo,2,2,Empate,Local,1,Diego Osella,Externo,Efectivo,Eduardo Bermúdez
2016-11-06,2° 2016,Racing Club,2,1,Derrota,Visitante,0,Diego Osella,Externo,Efectivo,Eduardo Bermúdez
2016-11-20,2° 2016,River Plate,1,0,Victoria,Local,3,Diego Osella,Externo,Efectivo,Eduardo Bermúdez
2016-11-26,2° 2016,Colón,1,2,Victoria,Visitante,3,Diego Osella,Externo,Efectivo,Eduardo Bermúdez
2016-12-03,2° 2016,Banfield,0,2,Derrota,Local,0,Diego Osella,Externo,Efectivo,Eduardo Bermúdez
2016-12-10,2° 2016,Talleres,1,1,Empate,Visitante,1,Diego Osella,Externo,Efectivo,Eduardo Bermúdez
2016-12-18,2° 2016,San Martín (SJ),6,1,Victoria,Local,3,Diego Osella,Externo,Efectivo,Eduardo Bermúdez
2017-03-12,1° 2017,Def. y Justicia,1,0,Derrota,Visitante,0,Diego Osella,Externo,Efectivo,Eduardo Bermúdez
2017-03-18,1° 2017,Vélez Sarsfield,3,0,Victoria,Local,3,Diego Osella,Externo,Efectivo,Eduardo Bermúdez
2017-03-25,1° 2017,Patronato,1,1,Empate,Visitante,1,Diego Osella,Externo,Efectivo,Eduardo Bermúdez
2017-04-01,1° 2017,Atl. Rafaela,1,0,Victoria,Local,3,Diego Osella,Externo,Efectivo,Eduardo Bermúdez
2017-04-08,1° 2017,Arsenal,0,1,Victoria,Visitante,3,Diego Osella,Externo,Efectivo,Eduardo Bermúdez
2017-04-15,1° 2017,Estudiantes LP,0,0,Empate,Local,1,Diego Osella,Externo,Efectivo,Eduardo Bermúdez
2017-04-22,1° 2017,Aldosivi,0,3,Victoria,Visitante,3,Diego Osella,Externo,Efectivo,Eduardo Bermúdez
2017-04-29,1° 2017,Huracán,0,1,Victoria,Visitante,3,Diego Osella,Externo,Efectivo,Eduardo Bermúdez
2017-05-07,1° 2017,Independiente,2,4,Derrota,Local,0,Diego Osella,Externo,Efectivo,Eduardo Bermúdez
2017-05-14,1° 2017,Rosario Central,1,3,Derrota,Local,0,Diego Osella,Externo,Efectivo,Eduardo Bermúdez
2017-05-21,1° 2017,Boca Juniors,1,0,Derrota,Visitante,0,Diego Osella,Externo,Efectivo,Eduardo Bermúdez
2017-05-27,1° 2017,Olimpo,3,2,Victoria,Local,3,Diego Osella,Externo,Efectivo,Eduardo Bermúdez
2017-06-04,1° 2017,Unión,2,1,Derrota,Visitante,0,Diego Osella,Externo,Efectivo,Eduardo Bermúdez
2017-06-18,1° 2017,Lanús,1,1,Empate,Local,1,Juan Pablo Vojboda,Externo,Interino,Eduardo Bermúdez
2017-06-21,1° 2017,Belgrano,2,1,Derrota,Visitante,0,Juan Pablo Vojboda,Externo,Interino,Eduardo Bermúdez
2017-06-27,1° 2017,Godoy Cruz,0,2,Derrota,Local,0,Juan Pablo Vojboda,Externo,Interino,Eduardo Bermúdez
2017-08-28,2° 2017,Unión,1,1,Empate,Local,1,Juan Manuel Llop,Ídolo,Efectivo,Eduardo Bermúdez
2017-09-11,2° 2017,Huracán,1,0,Derrota,Visitante,0,Juan Manuel Llop,Ídolo,Efectivo,Eduardo Bermúdez
2017-09-16,2° 2017,Olimpo,2,0,Victoria,Local,3,Juan Manuel Llop,Ídolo,Efectivo,Eduardo Bermúdez
2017-09-25,2° 2017,Lanús,1,0,Derrota,Visitante,0,Juan Manuel Llop,Ídolo,Efectivo,Eduardo Bermúdez
2017-10-01,2° 2017,Godoy Cruz,0,0,Empate,Local,1,Juan Manuel Llop,Ídolo,Efectivo,Eduardo Bermúdez
2017-10-14,2° 2017,Vélez Sarsfield,1,0,Derrota,Visitante,0,Juan Manuel Llop,Ídolo,Efectivo,Eduardo Bermúdez
2017-10-29,2° 2017,Chacarita,2,1,Victoria,Local,3,Juan Manuel Llop,Ídolo,Efectivo,Eduardo Bermúdez
2017-11-06,2° 2017,Patronato,0,0,Empate,Visitante,1,Juan Manuel Llop,Ídolo,Efectivo,Eduardo Bermúdez
2017-11-17,2° 2017,Belgrano,0,1,Derrota,Local,0,Juan Manuel Llop,Ídolo,Efectivo,Eduardo Bermúdez
2017-11-26,2° 2017,River Plate,1,3,Victoria,Visitante,3,Juan Manuel Llop,Ídolo,Efectivo,Eduardo Bermúdez
2017-12-02,2° 2017,Racing Club,2,2,Empate,Local,1,Juan Manuel Llop,Ídolo,Efectivo,Eduardo Bermúdez
2017-12-10,2° 2017,Rosario Central,1,0,Derrota,Visitante,0,Juan Manuel Llop,Ídolo,Efectivo,Eduardo Bermúdez
2018-01-27,1° 2018,Arsenal,2,1,Victoria,Local,3,Juan Manuel Llop,Ídolo,Efectivo,Eduardo Bermúdez
2018-02-02,1° 2018,Estudiantes LP,4,2,Derrota,Visitante,0,Juan Manuel Llop,Ídolo,Efectivo,Eduardo Bermúdez
2018-02-09,1° 2018,Colón,0,1,Derrota,Local,0,Juan Manuel Llop,Ídolo,Efectivo,Eduardo Bermúdez
2018-02-17,1° 2018,San Lorenzo,1,0,Derrota,Visitante,0,Juan Manuel Llop,Ídolo,Efectivo,Eduardo Bermúdez
2018-02-26,1° 2018,Temperley,0,0,Empate,Local,1,Fabián Garfagnioli,Externo,Interino,Eduardo Bermúdez
2018-03-05,1° 2018,Banfield,1,0,Derrota,Visitante,0,Fabián Garfagnioli,Externo,Interino,Eduardo Bermúdez
2018-03-12,1° 2018,San Martín (SJ),2,0,Victoria,Local,3,Omar De Felipe,Externo,Efectivo,Eduardo Bermúdez
2018-03-18,1° 2018,Argentinos Jrs,1,0,Derrota,Visitante,0,Omar De Felipe,Externo,Efectivo,Eduardo Bermúdez
2018-03-31,1° 2018,Tigre,2,1,Victoria,Local,3,Omar De Felipe,Externo,Efectivo,Eduardo Bermúdez
2018-04-08,1° 2018,Atlético Tucumán,1,1,Empate,Visitante,1,Omar De Felipe,Externo,Efectivo,Eduardo Bermúdez
2018-04-12,1° 2018,At. Paranaense (Sud),3,0,Derrota,Visitante,0,Omar De Felipe,Externo,Efectivo,Eduardo Bermúdez
2018-04-16,1° 2018,Talleres,2,1,Victoria,Local,3,Omar De Felipe,Externo,Efectivo,Eduardo Bermúdez
2018-04-22,1° 2018,Boca Juniors,3,1,Derrota,Visitante,0,Omar De Felipe,Externo,Efectivo,Eduardo Bermúdez
2018-04-28,1° 2018,Independiente,0,1,Derrota,Local,0,Omar De Felipe,Externo,Efectivo,Eduardo Bermúdez
2018-05-04,1° 2018,Def. y Justicia,1,0,Victoria,Local,3,Omar De Felipe,Externo,Efectivo,Eduardo Bermúdez
2018-05-10,1° 2018,At. Paranaense (Sud),2,1,Victoria,Local,3,Omar De Felipe,Externo,Efectivo,Eduardo Bermúdez
2018-05-14,1° 2018,Gimnasia LP,2,0,Derrota,Visitante,0,Omar De Felipe,Externo,Efectivo,Eduardo Bermúdez
2018-08-26,2° 2018,Independiente,2,2,Empate,Visitante,1,Omar De Felipe,Externo,Efectivo,Eduardo Bermúdez
2018-09-15,2° 2018,Belgrano,0,0,Empate,Visitante,1,Omar De Felipe,Externo,Efectivo,Eduardo Bermúdez
2018-09-22,2° 2018,Lanús,2,0,Victoria,Local,3,Omar De Felipe,Externo,Efectivo,Eduardo Bermúdez
2018-09-30,2° 2018,Colón,1,0,Derrota,Visitante,0,Omar De Felipe,Externo,Efectivo,Eduardo Bermúdez
2018-10-07,2° 2018,River Plate,0,1,Derrota,Local,0,Omar De Felipe,Externo,Efectivo,Eduardo Bermúdez
2018-10-21,2° 2018,Tigre,2,0,Victoria,Local,3,Omar De Felipe,Externo,Efectivo,Eduardo Bermúdez
2018-10-29,2° 2018,Argentinos Jrs,1,0,Derrota,Visitante,0,Omar De Felipe,Externo,Efectivo,Eduardo Bermúdez
2018-11-04,2° 2018,Racing Club,1,0,Derrota,Visitante,0,Omar De Felipe,Externo,Efectivo,Eduardo Bermúdez
2018-11-12,2° 2018,Def. y Justicia,0,0,Empate,Local,1,Omar De Felipe,Externo,Efectivo,Eduardo Bermúdez
2018-11-25,2° 2018,Aldosivi,1,0,Derrota,Visitante,0,Omar De Felipe,Externo,Efectivo,Eduardo Bermúdez
2018-12-01,2° 2018,Patronato,1,0,Victoria,Local,3,Hector Bidoglio,Externo,Interino,Eduardo Bermúdez
2018-12-08,2° 2018,San Martín (SJ),3,0,Derrota,Visitante,0,Hector Bidoglio,Externo,Interino,Eduardo Bermúdez
2019-01-27,1° 2019,Boca Juniors,1,1,Empate,Local,1,Hector Bidoglio,Externo,Interino,Eduardo Bermúdez
2019-02-02,1° 2019,Unión,0,0,Empate,Visitante,1,Hector Bidoglio,Externo,Interino,Eduardo Bermúdez
2019-02-10,1° 2019,Rosario Central,0,0,Empate,Visitante,1,Hector Bidoglio,Externo,Interino,Eduardo Bermúdez
2019-02-15,1° 2019,San Lorenzo,1,1,Empate,Local,1,Hector Bidoglio,Externo,Interino,Eduardo Bermúdez
2019-02-25,1° 2019,San Martín (SJ),3,0,Victoria,Local,3,Hector Bidoglio,Externo,Interino,Eduardo Bermúdez
2019-03-02,1° 2019,River Plate,4,2,Derrota,Visitante,0,Hector Bidoglio,Externo,Interino,Eduardo Bermúdez
2019-03-09,1° 2019,Talleres,1,2,Derrota,Local,0,Hector Bidoglio,Externo,Interino,Eduardo Bermúdez
2019-03-15,1° 2019,Gimnasia LP,1,0,Derrota,Visitante,0,Hector Bidoglio,Externo,Interino,Eduardo Bermúdez
2019-03-31,1° 2019,Huracán,3,1,Victoria,Local,3,Hector Bidoglio,Externo,Interino,Eduardo Bermúdez
2019-04-06,1° 2019,Banfield,1,1,Empate,Visitante,1,Hector Bidoglio,Externo,Interino,Eduardo Bermúdez
2019-04-12,1° 2019,Gimnasia LP (Copa Superl),1,0,Derrota,Visitante,0,Hector Bidoglio,Externo,Interino,Eduardo Bermúdez
2019-04-21,1° 2019,Gimnasia LP (Copa Superl),1,2,Derrota,Local,0,Hector Bidoglio,Externo,Interino,Eduardo Bermúdez
2019-07-28,2° 2019,Central Córdoba (SdE),2,0,Victoria,Local,3,Frank Darío Kudelka,Externo,Efectivo,Eduardo Bermúdez
2019-08-03,2° 2019,Independiente,2,3,Victoria,Visitante,3,Frank Darío Kudelka,Externo,Efectivo,Eduardo Bermúdez
2019-08-11,2° 2019,Unión,2,0,Victoria,Local,3,Frank Darío Kudelka,Externo,Efectivo,Eduardo Bermúdez
2019-08-17,2° 2019,Vélez Sarsfield,3,1,Derrota,Visitante,0,Frank Darío Kudelka,Externo,Efectivo,Eduardo Bermúdez
2019-08-24,2° 2019,Huracán,4,1,Victoria,Local,3,Frank Darío Kudelka,Externo,Efectivo,Eduardo Bermúdez
2019-09-01,2° 2019,Rosario Central,1,1,Empate,Visitante,1,Frank Darío Kudelka,Externo,Efectivo,Eduardo Bermúdez
2019-09-22,2° 2019,Aldosivi,2,0,Victoria,Local,3,Frank Darío Kudelka,Externo,Efectivo,Eduardo Bermúdez
2019-09-28,2° 2019,Boca Juniors,1,1,Empate,Visitante,1,Frank Darío Kudelka,Externo,Efectivo,Eduardo Bermúdez
2019-10-04,2° 2019,Banfield,0,0,Empate,Local,1,Frank Darío Kudelka,Externo,Efectivo,Eduardo Bermúdez
2019-10-19,2° 2019,Patronato,1,3,Victoria,Visitante,3,Frank Darío Kudelka,Externo,Efectivo,Eduardo Bermúdez
2019-10-29,2° 2019,Gimnasia LP,0,4,Derrota,Local,0,Frank Darío Kudelka,Externo,Efectivo,Eduardo Bermúdez
2019-11-03,2° 2019,Def. y Justicia,2,0,Victoria,Local,3,Frank Darío Kudelka,Externo,Efectivo,Eduardo Bermúdez
2019-11-10,2° 2019,Talleres,1,0,Derrota,Visitante,0,Frank Darío Kudelka,Externo,Efectivo,Eduardo Bermúdez
2019-11-25,2° 2019,Argentinos Jrs,1,0,Derrota,Visitante,0,Frank Darío Kudelka,Externo,Efectivo,Eduardo Bermúdez
2019-11-30,2° 2019,River Plate,2,3,Derrota,Local,0,Frank Darío Kudelka,Externo,Efectivo,Eduardo Bermúdez
2019-12-07,2° 2019,Atlético Tucumán,2,2,Empate,Visitante,1,Frank Darío Kudelka,Externo,Efectivo,Eduardo Bermúdez
2020-01-25,1° 2020,Arsenal,1,1,Empate,Visitante,1,Frank Darío Kudelka,Externo,Efectivo,Eduardo Bermúdez
2020-02-03,1° 2020,San Lorenzo,1,0,Victoria,Local,3,Frank Darío Kudelka,Externo,Efectivo,Eduardo Bermúdez
2020-02-08,1° 2020,Estudiantes LP,0,0,Empate,Visitante,1,Frank Darío Kudelka,Externo,Efectivo,Eduardo Bermúdez
2020-02-15,1° 2020,Lanús,1,1,Empate,Visitante,1,Frank Darío Kudelka,Externo,Efectivo,Eduardo Bermúdez
2020-02-22,1° 2020,Colón,4,0,Victoria,Local,3,Frank Darío Kudelka,Externo,Efectivo,Eduardo Bermúdez
2020-02-28,1° 2020,Racing Club,1,1,Empate,Visitante,1,Frank Darío Kudelka,Externo,Efectivo,Eduardo Bermúdez
2020-03-08,1° 2020,Godoy Cruz,0,2,Derrota,Local,0,Frank Darío Kudelka,Externo,Efectivo,Eduardo Bermúdez
2020-03-15,1° 2020,Central Córdoba (Copa LP),1,2,Victoria,Visitante,3,Frank Darío Kudelka,Externo,Efectivo,Eduardo Bermúdez
2020-10-30,2° 2020,Talleres (Copa LP),3,1,Derrota,Visitante,0,Frank Darío Kudelka,Externo,Efectivo,Eduardo Bermúdez
2020-11-08,2° 2020,Boca Juniors (Copa LP),0,2,Derrota,Local,0,Frank Darío Kudelka,Externo,Efectivo,Eduardo Bermúdez
2020-11-14,2° 2020,Lanús (Copa LP),2,4,Victoria,Visitante,3,Frank Darío Kudelka,Externo,Efectivo,Eduardo Bermúdez
2020-11-23,2° 2020,Talleres (Copa LP),1,1,Empate,Local,1,Frank Darío Kudelka,Externo,Efectivo,Eduardo Bermúdez
2020-11-29,2° 2020,Boca Juniors (Copa LP),2,0,Derrota,Visitante,0,Frank Darío Kudelka,Externo,Efectivo,Eduardo Bermúdez
2020-12-06,2° 2020,Lanús (Copa LP),3,1,Victoria,Local,3,Frank Darío Kudelka,Externo,Efectivo,Eduardo Bermúdez
2020-12-12,2° 2020,Estudiantes LP,1,0,Victoria,Local,3,Frank Darío Kudelka,Externo,Efectivo,Eduardo Bermúdez
2020-12-19,2° 2020,Godoy Cruz,0,3,Victoria,Visitante,3,Frank Darío Kudelka,Externo,Efectivo,Eduardo Bermúdez
2020-12-27,2° 2020,Central Córdoba (SdE),3,1,Victoria,Local,3,Frank Darío Kudelka,Externo,Efectivo,Eduardo Bermúdez
2021-02-13,1° 2021,Vélez Sarsfield,1,0,Derrota,Visitante,0,Frank Darío Kudelka,Externo,Efectivo,Eduardo Bermúdez
2021-02-21,1° 2021,Boca Juniors,0,1,Derrota,Local,0,Frank Darío Kudelka,Externo,Efectivo,Eduardo Bermúdez
2021-02-27,1° 2021,Talleres,2,2,Empate,Visitante,1,Frank Darío Kudelka,Externo,Efectivo,Eduardo Bermúdez
2021-03-05,1° 2021,Independiente,1,2,Derrota,Local,0,Frank Darío Kudelka,Externo,Efectivo,Eduardo Bermúdez
2021-03-13,1° 2021,Def. y Justicia,4,0,Derrota,Visitante,0,Frank Darío Kudelka,Externo,Efectivo,Eduardo Bermúdez
2021-03-20,1° 2021,Unión,0,0,Empate,Local,1,"Germán ""Mono"" Burgos",Externo,Efectivo,Eduardo Bermúdez
2021-03-29,1° 2021,Atlético Tucumán,2,2,Empate,Visitante,1,"Germán ""Mono"" Burgos",Externo,Efectivo,Eduardo Bermúdez
2021-04-04,1° 2021,Huracán,2,2,Empate,Local,1,"Germán ""Mono"" Burgos",Externo,Efectivo,Eduardo Bermúdez
2021-04-12,1° 2021,Lanús,1,3,Victoria,Visitante,3,"Germán ""Mono"" Burgos",Externo,Efectivo,Eduardo Bermúdez
2021-04-17,1° 2021,Patronato,2,0,Victoria,Local,3,"Germán ""Mono"" Burgos",Externo,Efectivo,Eduardo Bermúdez
2021-04-20,1° 2021,At. Goianiense (Sud),0,0,Empate,Visitante,1,"Germán ""Mono"" Burgos",Externo,Efectivo,Eduardo Bermúdez
2021-04-26,1° 2021,Gimnasia LP,2,1,Derrota,Visitante,0,"Germán ""Mono"" Burgos",Externo,Efectivo,Eduardo Bermúdez
2021-04-29,1° 2021,Libertad (Sud),1,3,Derrota,Local,0,"Germán ""Mono"" Burgos",Externo,Efectivo,Eduardo Bermúdez
2021-05-02,1° 2021,Rosario Central,3,0,Derrota,Visitante,0,"Germán ""Mono"" Burgos",Externo,Efectivo,Eduardo Bermúdez
2021-05-04,1° 2021,Palestino (Sud),0,1,Victoria,Visitante,3,"Germán ""Mono"" Burgos",Externo,Efectivo,Eduardo Bermúdez
2021-05-13,1° 2021,Libertad (Sud),1,0,Derrota,Visitante,0,"Germán ""Mono"" Burgos",Externo,Efectivo,Eduardo Bermúdez
2021-07-17,2° 2021,Talleres,3,2,Victoria,Local,3,"Fernando ""Negro"" Gamboa",Ídolo,Efectivo,Eduardo Bermúdez
2021-05-20,2° 2021,Palestino (Sud),3,1,Victoria,Local,3,"Fernando ""Negro"" Gamboa",Ídolo,Efectivo,Eduardo Bermúdez
2021-05-25,2° 2021,At. Goianiense (Sud),1,1,Empate,Local,1,"Fernando ""Negro"" Gamboa",Ídolo,Efectivo,Eduardo Bermúdez
2021-07-17,2° 2021,Talleres,3,2,Victoria,Local,3,"Fernando ""Negro"" Gamboa",Ídolo,Efectivo,Eduardo Bermúdez
2021-08-22,2° 2021,Rosario Central,1,1,Empate,Local,1,"Fernando ""Negro"" Gamboa",Ídolo,Efectivo,Eduardo Bermúdez
2021-11-24,2° 2021,Central Córdoba (SdE),1,0,Victoria,Local,3,"Fernando ""Negro"" Gamboa",Ídolo,Efectivo,Ignacio Astore
2021-11-30,2° 2021,Boca Juniors,0,0,Empate,Visitante,1,"Fernando ""Negro"" Gamboa",Ídolo,Efectivo,Ignacio Astore
2021-12-12,2° 2021,San Lorenzo,3,2,Derrota,Visitante,0,"Fernando ""Negro"" Gamboa",Ídolo,Efectivo,Ignacio Astore
2022-02-10,1° 2022,Def. y Justicia,1,0,Victoria,Local,3,Javier Sanguinetti,Externo,Efectivo,Ignacio Astore
2022-03-20,1° 2022,Rosario Central,0,1,Victoria,Visitante,3,Javier Sanguinetti,Externo,Efectivo,Ignacio Astore
2022-04-20,1° 2022,Banfield,1,0,Victoria,Local,3,Javier Sanguinetti,Externo,Efectivo,Ignacio Astore
2022-04-27,1° 2022,San Lorenzo,1,2,Derrota,Local,0,Javier Sanguinetti,Externo,Efectivo,Ignacio Astore
2022-05-08,1° 2022,Gimnasia LP,3,1,Derrota,Visitante,0,Javier Sanguinetti,Externo,Efectivo,Ignacio Astore
2022-06-16,1° 2022,Argentinos Jrs,1,0,Victoria,Local,3,Javier Sanguinetti,Externo,Efectivo,Ignacio Astore
2022-07-21,2° 2022,Rosario Central,1,0,Derrota,Visitante,0,Javier Sanguinetti,Externo,Efectivo,Ignacio Astore
2022-10-16,2° 2022,Boca Juniors,2,0,Victoria,Local,3,Javier Sanguinetti,Externo,Efectivo,Ignacio Astore
2022-10-24,2° 2022,Barracas Central,1,1,Empate,Visitante,1,Javier Sanguinetti,Externo,Efectivo,Ignacio Astore
2023-01-29,1° 2023,Platense,2,2,Empate,Visitante,1,"Gabriel ""Gringo"" Heinze",Ídolo,Efectivo,Ignacio Astore
2023-02-03,1° 2023,Vélez Sarsfield,1,0,Victoria,Local,3,"Gabriel ""Gringo"" Heinze",Ídolo,Efectivo,Ignacio Astore
2023-02-11,1° 2023,Def. y Justicia,1,0,Derrota,Visitante,0,"Gabriel ""Gringo"" Heinze",Ídolo,Efectivo,Ignacio Astore
2023-02-18,1° 2023,Banfield,2,0,Victoria,Local,3,"Gabriel ""Gringo"" Heinze",Ídolo,Efectivo,Ignacio Astore
2023-02-26,1° 2023,Instituto,3,1,Derrota,Visitante,0,"Gabriel ""Gringo"" Heinze",Ídolo,Efectivo,Ignacio Astore
2023-03-04,1° 2023,Barracas Central,1,0,Victoria,Local,3,"Gabriel ""Gringo"" Heinze",Ídolo,Efectivo,Ignacio Astore
2023-03-12,1° 2023,Colón,1,1,Empate,Visitante,1,"Gabriel ""Gringo"" Heinze",Ídolo,Efectivo,Ignacio Astore
2023-03-20,1° 2023,San Lorenzo,1,0,Victoria,Local,3,"Gabriel ""Gringo"" Heinze",Ídolo,Efectivo,Ignacio Astore
2023-03-31,1° 2023,Estudiantes LP,3,0,Derrota,Visitante,0,"Gabriel ""Gringo"" Heinze",Ídolo,Efectivo,Ignacio Astore
2023-04-04,1° 2023,Audax Italiano (Sud),0,1,Victoria,Visitante,3,"Gabriel ""Gringo"" Heinze",Ídolo,Efectivo,Ignacio Astore
2023-04-09,1° 2023,Rosario Central,0,0,Empate,Local,1,"Gabriel ""Gringo"" Heinze",Ídolo,Efectivo,Ignacio Astore
2023-04-12,1° 2023,Racing Club,0,1,Victoria,Visitante,3,"Gabriel ""Gringo"" Heinze",Ídolo,Efectivo,Ignacio Astore
2023-04-16,1° 2023,River Plate,0,1,Derrota,Local,0,"Gabriel ""Gringo"" Heinze",Ídolo,Efectivo,Ignacio Astore
2023-04-18,1° 2023,Blooming (Sud),3,0,Victoria,Local,3,"Gabriel ""Gringo"" Heinze",Ídolo,Efectivo,Ignacio Astore
2023-04-22,1° 2023,Belgrano,1,0,Derrota,Visitante,0,"Gabriel ""Gringo"" Heinze",Ídolo,Efectivo,Ignacio Astore
2023-04-28,1° 2023,Argentinos Jrs,0,0,Empate,Local,1,"Gabriel ""Gringo"" Heinze",Ídolo,Efectivo,Ignacio Astore
2023-05-02,1° 2023,Santos (Sud),1,0,Victoria,Local,3,"Gabriel ""Gringo"" Heinze",Ídolo,Efectivo,Ignacio Astore
2023-05-07,1° 2023,Tigre,2,2,Empate,Visitante,1,"Gabriel ""Gringo"" Heinze",Ídolo,Efectivo,Ignacio Astore
2023-05-13,1° 2023,Arsenal,2,0,Victoria,Local,3,"Gabriel ""Gringo"" Heinze",Ídolo,Efectivo,Ignacio Astore
2023-05-20,1° 2023,Lanús,1,0,Derrota,Visitante,0,"Gabriel ""Gringo"" Heinze",Ídolo,Efectivo,Ignacio Astore
2023-05-24,1° 2023,Blooming (Sud),2,3,Victoria,Visitante,3,"Gabriel ""Gringo"" Heinze",Ídolo,Efectivo,Ignacio Astore
2023-05-28,1° 2023,Godoy Cruz,2,0,Victoria,Local,3,"Gabriel ""Gringo"" Heinze",Ídolo,Efectivo,Ignacio Astore
2023-06-06,1° 2023,Santos (Sud),1,2,Victoria,Visitante,3,"Gabriel ""Gringo"" Heinze",Ídolo,Efectivo,Ignacio Astore
2023-06-12,1° 2023,Unión,1,1,Empate,Local,1,"Gabriel ""Gringo"" Heinze",Ídolo,Efectivo,Ignacio Astore
2023-06-23,1° 2023,Huracán,1,1,Empate,Visitante,1,"Gabriel ""Gringo"" Heinze",Ídolo,Efectivo,Ignacio Astore
2023-06-29,1° 2023,Audax Italiano (Sud),1,1,Empate,Local,1,"Gabriel ""Gringo"" Heinze",Ídolo,Efectivo,Ignacio Astore
2023-07-03,2° 2023,Gimnasia LP,2,2,Empate,Local,1,"Gabriel ""Gringo"" Heinze",Ídolo,Efectivo,Ignacio Astore
2023-07-07,2° 2023,Central Córdoba (SdE),2,0,Derrota,Visitante,0,"Gabriel ""Gringo"" Heinze",Ídolo,Efectivo,Ignacio Astore
2023-07-11,2° 2023,Independiente,0,2,Victoria,Visitante,3,"Gabriel ""Gringo"" Heinze",Ídolo,Efectivo,Ignacio Astore
2023-07-17,2° 2023,Atlético Tucumán,0,0,Empate,Local,1,"Gabriel ""Gringo"" Heinze",Ídolo,Efectivo,Ignacio Astore
2023-07-23,2° 2023,Boca Juniors,2,1,Derrota,Visitante,0,"Gabriel ""Gringo"" Heinze",Ídolo,Efectivo,Ignacio Astore
2023-07-28,2° 2023,Talleres,1,1,Empate,Local,1,"Gabriel ""Gringo"" Heinze",Ídolo,Efectivo,Ignacio Astore
2023-08-01,2° 2023,Corinthians (Sud),2,1,Derrota,Visitante,0,"Gabriel ""Gringo"" Heinze",Ídolo,Efectivo,Ignacio Astore
2023-08-08,2° 2023,Corinthians (Sud),0,0,Empate,Local,1,"Gabriel ""Gringo"" Heinze",Ídolo,Efectivo,Ignacio Astore
2023-08-21,2° 2023,Central Córdoba (SdE),2,0,Victoria,Local,3,"Gabriel ""Gringo"" Heinze",Ídolo,Efectivo,Ignacio Astore
2023-08-26,2° 2023,Lanús,1,0,Victoria,Local,3,"Gabriel ""Gringo"" Heinze",Ídolo,Efectivo,Ignacio Astore
2023-09-02,2° 2023,Belgrano,1,1,Empate,Visitante,1,"Gabriel ""Gringo"" Heinze",Ídolo,Efectivo,Ignacio Astore
2023-09-16,2° 2023,Unión,1,1,Empate,Local,1,"Gabriel ""Gringo"" Heinze",Ídolo,Efectivo,Ignacio Astore
2023-09-20,2° 2023,Racing Club,2,1,Derrota,Visitante,0,"Gabriel ""Gringo"" Heinze",Ídolo,Efectivo,Ignacio Astore
2023-09-24,2° 2023,Estudiantes LP,0,1,Derrota,Local,0,"Gabriel ""Gringo"" Heinze",Ídolo,Efectivo,Ignacio Astore
2023-09-30,2° 2023,Rosario Central,1,0,Derrota,Visitante,0,"Gabriel ""Gringo"" Heinze",Ídolo,Efectivo,Ignacio Astore
2023-10-07,2° 2023,San Lorenzo,0,3,Victoria,Visitante,3,"Gabriel ""Gringo"" Heinze",Ídolo,Efectivo,Ignacio Astore
2023-10-20,2° 2023,Tigre,0,2,Derrota,Local,0,"Gabriel ""Gringo"" Heinze",Ídolo,Efectivo,Ignacio Astore
2023-10-26,2° 2023,Godoy Cruz,2,0,Derrota,Visitante,0,"Gabriel ""Gringo"" Heinze",Ídolo,Efectivo,Ignacio Astore
2023-10-30,2° 2023,Platense,0,0,Empate,Local,1,"Gabriel ""Gringo"" Heinze",Ídolo,Efectivo,Ignacio Astore
2023-11-05,2° 2023,Sarmiento,0,1,Victoria,Visitante,3,"Gabriel ""Gringo"" Heinze",Ídolo,Efectivo,Ignacio Astore
2023-11-12,2° 2023,Boca Juniors,1,0,Derrota,Visitante,0,"Gabriel ""Gringo"" Heinze",Ídolo,Efectivo,Ignacio Astore
2023-11-27,2° 2023,Def. y Justicia,3,0,Victoria,Local,3,"Gabriel ""Gringo"" Heinze",Ídolo,Efectivo,Ignacio Astore
2024-01-25,1° 2024,Central Córdoba (SdE),0,1,Victoria,Visitante,3,Mauricio Larriera,Externo,Efectivo,Ignacio Astore
2024-01-30,1° 2024,Lanús,0,2,Victoria,Visitante,3,Mauricio Larriera,Externo,Efectivo,Ignacio Astore
2024-02-04,1° 2024,Belgrano,1,0,Victoria,Local,3,Mauricio Larriera,Externo,Efectivo,Ignacio Astore
2024-02-09,1° 2024,Unión,1,3,Victoria,Visitante,3,Mauricio Larriera,Externo,Efectivo,Ignacio Astore
2024-02-12,1° 2024,Racing Club,0,4,Derrota,Local,0,Mauricio Larriera,Externo,Efectivo,Ignacio Astore
2024-02-20,1° 2024,Estudiantes LP,2,0,Derrota,Visitante,0,Mauricio Larriera,Externo,Efectivo,Ignacio Astore
2024-02-25,1° 2024,Rosario Central,0,1,Derrota,Local,0,Mauricio Larriera,Externo,Efectivo,Ignacio Astore
2024-03-03,1° 2024,San Lorenzo,2,2,Empate,Local,1,Mauricio Larriera,Externo,Efectivo,Ignacio Astore
2024-03-10,1° 2024,Tigre,0,1,Victoria,Visitante,3,Mauricio Larriera,Externo,Efectivo,Ignacio Astore
2024-03-15,1° 2024,Platense,0,0,Empate,Local,1,Mauricio Larriera,Externo,Efectivo,Ignacio Astore
2024-03-31,1° 2024,Sarmiento,0,1,Victoria,Visitante,3,Mauricio Larriera,Externo,Efectivo,Ignacio Astore
2024-04-06,1° 2024,Boca Juniors,1,3,Derrota,Local,0,Mauricio Larriera,Externo,Efectivo,Ignacio Astore
2024-04-16,1° 2024,Def. y Justicia,1,0,Derrota,Visitante,0,Mauricio Larriera,Externo,Efectivo,Ignacio Astore
2024-05-10,1° 2024,Platense,2,0,Victoria,Local,3,Mauricio Larriera,Externo,Efectivo,Ignacio Astore
2024-05-20,1° 2024,Vélez Sarsfield,1,0,Derrota,Visitante,0,Mauricio Larriera,Externo,Efectivo,Ignacio Astore
2024-05-25,1° 2024,Def. y Justicia,1,0,Victoria,Local,3,Mauricio Larriera,Externo,Efectivo,Ignacio Astore
2024-06-04,1° 2024,Banfield,2,0,Derrota,Visitante,0,Mauricio Larriera,Externo,Efectivo,Ignacio Astore
2024-06-13,1° 2024,Instituto,0,2,Derrota,Local,0,Adrian Coria,Externo,Interino,Ignacio Astore
2024-07-19,2° 2024,Barracas Central,0,1,Victoria,Visitante,3,Sebastian Mendez,Externo,Efectivo,Ignacio Astore
2024-07-23,2° 2024,Independiente Riv.,0,0,Empate,Local,1,Sebastian Mendez,Externo,Efectivo,Ignacio Astore
2024-07-27,2° 2024,San Lorenzo,1,1,Empate,Visitante,1,Sebastian Mendez,Externo,Efectivo,Ignacio Astore
2024-08-02,2° 2024,Estudiantes LP,1,4,Derrota,Local,0,Sebastian Mendez,Externo,Efectivo,Ignacio Astore
2024-08-10,2° 2024,Rosario Central,1,0,Derrota,Visitante,0,Sebastian Mendez,Externo,Efectivo,Ignacio Astore
2024-08-16,2° 2024,Racing Club,0,1,Derrota,Local,0,Sebastian Mendez,Externo,Efectivo,Ignacio Astore
2024-08-25,2° 2024,River Plate,0,0,Empate,Visitante,1,Sebastian Mendez,Externo,Efectivo,Ignacio Astore
2024-08-31,2° 2024,Belgrano,0,0,Empate,Local,1,Sebastian Mendez,Externo,Efectivo,Ignacio Astore
2024-09-15,2° 2024,Argentinos Jrs,3,0,Derrota,Visitante,0,Sebastian Mendez,Externo,Efectivo,Ignacio Astore
2024-09-21,2° 2024,Tigre,1,0,Victoria,Local,3,Ricardo Lunari,Ídolo,Interino,Ignacio Astore
2024-09-27,2° 2024,Riestra,3,3,Empate,Visitante,1,Ricardo Lunari,Ídolo,Interino,Ignacio Astore
2024-10-05,2° 2024,Lanús,2,1,Victoria,Local,3,Ricardo Lunari,Ídolo,Interino,Ignacio Astore
2024-10-20,2° 2024,Godoy Cruz,2,0,Derrota,Visitante,0,Ricardo Lunari,Ídolo,Interino,Ignacio Astore
2024-10-26,2° 2024,Sarmiento,1,1,Empate,Local,1,Ricardo Lunari,Ídolo,Interino,Ignacio Astore
2024-11-01,2° 2024,Unión,2,0,Derrota,Visitante,0,Ricardo Lunari,Ídolo,Interino,Ignacio Astore
2024-11-05,2° 2024,Huracán,2,4,Derrota,Local,0,Ricardo Lunari,Ídolo,Interino,Ignacio Astore
2024-11-09,2° 2024,Gimnasia LP,1,0,Derrota,Visitante,0,Ricardo Lunari,Ídolo,Interino,Ignacio Astore
2024-11-20,2° 2024,Central Córdoba (SdE),2,3,Derrota,Local,0,Ricardo Lunari,Ídolo,Interino,Ignacio Astore
2024-11-26,2° 2024,Independiente,0,1,Derrota,Local,0,Ricardo Lunari,Ídolo,Interino,Ignacio Astore
2024-12-02,2° 2024,Atlético Tucumán,2,1,Derrota,Visitante,0,Ricardo Lunari,Ídolo,Interino,Ignacio Astore
2024-12-08,2° 2024,Talleres,0,3,Derrota,Local,0,Ricardo Lunari,Ídolo,Interino,Ignacio Astore
2024-12-15,2° 2024,Platense,0,0,Empate,Visitante,1,Ricardo Lunari,Ídolo,Interino,Ignacio Astore
2025-01-27,1° 2025,Central Córdoba (SdE),1,0,Victoria,Local,3,Mariano Soso,Externo,Efectivo,Ignacio Astore
2025-01-31,1° 2025,Defensa y Justicia,0,0,Empate,Visitante,1,Mariano Soso,Externo,Efectivo,Ignacio Astore
2025-02-05,1° 2025,Banfield,1,1,Empate,Local,1,Mariano Soso,Externo,Efectivo,Ignacio Astore
2025-02-09,1° 2025,Instituto,2,1,Derrota,Visitante,0,Mariano Soso,Externo,Efectivo,Ignacio Astore
2025-02-13,1° 2025,Barracas Central,2,0,Victoria,Local,3,Mariano Soso,Externo,Efectivo,Ignacio Astore
2025-02-18,1° 2025,Independiente Riv.,0,1,Victoria,Visitante,3,"Cristian ""Ogo"" Fabiani",Externo,Efectivo,Ignacio Astore
2025-02-23,1° 2025,Rosario Central,0,1,Derrota,Local,0,"Cristian ""Ogo"" Fabiani",Externo,Efectivo,Ignacio Astore
2025-03-02,1° 2025,San Lorenzo,1,1,Empate,Visitante,1,"Cristian ""Ogo"" Fabiani",Externo,Efectivo,Ignacio Astore
2025-03-08,1° 2025,Estudiantes LP,0,1,Derrota,Local,0,"Cristian ""Ogo"" Fabiani",Externo,Efectivo,Ignacio Astore
2025-03-16,1° 2025,Racing Club,1,1,Empate,Visitante,1,"Cristian ""Ogo"" Fabiani",Externo,Efectivo,Ignacio Astore
2025-03-22,1° 2025,River Plate,0,2,Derrota,Local,0,"Cristian ""Ogo"" Fabiani",Externo,Efectivo,Ignacio Astore
2025-03-30,1° 2025,Belgrano,0,1,Victoria,Visitante,3,"Cristian ""Ogo"" Fabiani",Externo,Efectivo,Ignacio Astore
2025-04-05,1° 2025,Argentinos Jrs,2,1,Victoria,Local,3,"Cristian ""Ogo"" Fabiani",Externo,Efectivo,Ignacio Astore
2025-04-13,1° 2025,Tigre,1,1,Empate,Visitante,1,"Cristian ""Ogo"" Fabiani",Externo,Efectivo,Ignacio Astore
2025-05-11,1° 2025,Platense,1,0,Victoria,Local,3,"Cristian ""Ogo"" Fabiani",Externo,Efectivo,Ignacio Astore
2025-05-18,1° 2025,Vélez Sarsfield,2,0,Derrota,Visitante,0,"Cristian ""Ogo"" Fabiani",Externo,Efectivo,Ignacio Astore
2025-05-25,1° 2025,Defensa y Justicia,1,1,Empate,Local,1,"Cristian ""Ogo"" Fabiani",Externo,Efectivo,Ignacio Astore
2025-06-01,1° 2025,Banfield,1,0,Derrota,Visitante,0,"Cristian ""Ogo"" Fabiani",Externo,Efectivo,Ignacio Astore
2025-06-08,1° 2025,Instituto,2,1,Victoria,Local,3,"Cristian ""Ogo"" Fabiani",Externo,Efectivo,Ignacio Astore
2025-06-15,1° 2025,Barracas Central,0,0,Empate,Visitante,1,"Cristian ""Ogo"" Fabiani",Externo,Efectivo,Ignacio Astore
2025-07-20,2° 2025,Independiente Riv.,2,0,Victoria,Local,3,"Cristian ""Ogo"" Fabiani",Externo,Efectivo,Ignacio Astore
2025-07-27,2° 2025,San Lorenzo,0,1,Derrota,Local,0,"Cristian ""Ogo"" Fabiani",Externo,Efectivo,Ignacio Astore
2025-08-03,2° 2025,Estudiantes LP,2,1,Derrota,Visitante,0,"Cristian ""Ogo"" Fabiani",Externo,Efectivo,Ignacio Astore
2025-08-10,2° 2025,Rosario Central,1,1,Empate,Visitante,1,"Cristian ""Ogo"" Fabiani",Externo,Efectivo,Ignacio Astore
2025-08-17,2° 2025,Racing Club,0,0,Empate,Local,1,"Cristian ""Ogo"" Fabiani",Externo,Efectivo,Ignacio Astore
2025-08-24,2° 2025,River Plate,3,1,Derrota,Visitante,0,"Cristian ""Ogo"" Fabiani",Externo,Efectivo,Ignacio Astore
2025-08-31,2° 2025,Belgrano,2,2,Empate,Local,1,"Cristian ""Ogo"" Fabiani",Externo,Efectivo,Ignacio Astore
2025-09-14,2° 2025,Argentinos Jrs,1,0,Derrota,Visitante,0,"Cristian ""Ogo"" Fabiani",Externo,Efectivo,Ignacio Astore
2025-09-21,2° 2025,Tigre,1,0,Victoria,Local,3,"Cristian ""Ogo"" Fabiani",Externo,Efectivo,Ignacio Astore
2025-09-28,2° 2025,Riestra,1,2,Victoria,Visitante,3,"Cristian ""Ogo"" Fabiani",Externo,Efectivo,Ignacio Astore
2025-10-05,2° 2025,Lanús,1,1,Empate,Local,1,"Cristian ""Ogo"" Fabiani",Externo,Efectivo,Ignacio Astore
2025-10-19,2° 2025,Godoy Cruz,2,0,Derrota,Visitante,0,"Cristian ""Ogo"" Fabiani",Externo,Efectivo,Ignacio Astore
2025-10-26,2° 2025,Sarmiento,1,0,Victoria,Local,3,Lucas Bernardi,Ídolo,Interino,Ignacio Astore
2025-11-02,2° 2025,Unión,2,0,Derrota,Visitante,0,Lucas Bernardi,Ídolo,Interino,Ignacio Astore
2025-11-09,2° 2025,Huracán,1,1,Empate,Local,1,Lucas Bernardi,Ídolo,Interino,Ignacio Astore
2025-11-23,2° 2025,Gimnasia LP,1,0,Derrota,Visitante,0,Lucas Bernardi,Ídolo,Interino,Ignacio Astore
2025-11-30,2° 2025,Central Córdoba (SdE),1,2,Derrota,Local,0,Lucas Bernardi,Ídolo,Interino,Ignacio Astore
2025-12-07,2° 2025,Independiente,1,0,Derrota,Visitante,0,Lucas Bernardi,Ídolo,Interino,Ignacio Astore
2025-12-14,2° 2025,Atlético Tucumán,1,0,Victoria,Local,3,Lucas Bernardi,Ídolo,Interino,Ignacio Astore